"id","motie titel","jaar","constaterende dat","overwegende dat","spreekt uit dat"
"PM1","Verbod Cryptovaluta","dat:","Cryptovaluta geen enkele intrinsieke waarde hebben; Cryptovaluta hun waarde volledig ontlenen aan de vraag naar deze cryptovaluta; Veel wijd gebruikte Cryptovaluta een enorme verspilling van elektriciteit zijn; ","Er veel minder kwetsbare jongeren hun geld kwijtraken als crypto moeilijker te verkrijgen valt; Cryptovaluta een oplossing zijn op zoek naar een probleem; Cryptovaluta oplichting in de vorm van een piramidespel is; ","Bezit, handel en productie van cryptovaluta verboden moet worden; "
"PM2","Gratis Schoollunch","dat:","Steeds meer kinderen geen lunchpakket mee krijgen naar school; We in Nederland te maken hebben met een lage koopkracht; Scholieren te weinig fruit eten; De Jonge Democraten in 2020 een motie heeft aangenomen, waarin staat dat alle basisscholen warme schoollunches moeten aanbieden; ","De schoollunches de leerprestaties van leerlingen kunnen versterken; De schoollunches de groepsbanden en leeromgeving van de leerlingen kunnen versterken; De kansenongelijkheid hierdoor verkleind wordt; Diverse landen schoollunches met succes hebben ingevoerd; ","Alle scholen in het primair- en voortgezet onderwijs verplicht gezonde lunches moeten aanbieden; "
"PM3","Beschikbaarheid PrEP","dat:","De HIV-preventiepil PrEP in Nederland in een pilot project beperkt beschikbaar is gesteld; De Nederlandse PrEP pilot in 2023 geëvalueerd zal worden en in 2024 afloopt; Het aantal HIV infecties in Nederland daalt; Deze daling in 2021 deels toegeschreven wordt aan PrEP; De vraag naar PrEP groter is dan de 8.500 beschikbare pilot-plekken bij de GGD; ","De JD al van mening is dat PrEP-pillen gratis verstrekt moeten worden; PrEP een kostenbesparende interventie is; ","De Jonge Democraten voorstander zijn van duurzame toegankelijkheid van PrEP zorg vanaf 2023; De Jonge Democraten zich inzetten op het vrijmaken van financiële middelen om PrEP voor iedereen die hiervoor in aanmerking komt te borgen; "
"PM4","NAVO-norm en ontwikkelingssamenwerking in wetgeving","dat:","er in NAVO verband is afgesproken is om minstens 2% van het BNI in Defensie te investeren en dat de Jonge Democraten er voorstander van zijn om aan die norm te voldoen; de VN ernaar streven voor landen om minstens 0,7% van het BNI te investeren in
ontwikkelingssamenwerking; de JD voorstander is van het investeren van 1% van het BNI in ontwikkelingssamenwerking; ","in tijden van bezuiniging er snel wordt bezuinigd op ontwikkelingssamenwerking en defensie ondanks dat er dan dan niet minder behoefte is aan beide; dat bezuinigingen in deze sectoren schade aanrichten die lang duren om weer te herstellen; Nederland zichzelf zowel moet kunnen verdedigen als zich moet inzetten voor een betere wereld, voor haar eigen belang en dat van de mensheid; ","de Nederlandse staat zowel de NAVO-norm als een ontwikkelingssamenwerking investeringsminimum van 1% van het BNI in één wet duurzaam moet verankeren; "
"PM5","Jachttrofeeën","dat:","Er een groeiende bezorgdheid bestaat over de impact van jacht op bedreigde diersoorten wereldwijd; Dat er een aanzienlijke hoeveelheid van jachttrofeeën van bedreigde diersoorten wordt geïmporteerd in Nederland, vooral vanuit landen waar de jacht op deze soorten niet op een duurzame manier wordt beheerd en waar de wetgeving hieromtrent ontoereikend is.De huidige wetgeving in Nederland onvoldoende is om de import van jachttrofeeën van bedreigde diersoorten tegen te gaan","De jacht op bedreigde diersoorten een significante bijdrage levert aan hun verdere uitsterven; De import van jachttrofeeën van bedreigde diersoorten kan bijdragen aan de verdere afname van deze soorten en kan de handel in illegale trofeeën aanwakkeren; Duurzame jachtbeheer en wetgeving nodig is om deze soorten te beschermen en te behouden voor toekomstige generaties; ","Er een importverbod moet komen op jachttrofeeën van beschermde diersoorten; "
"PM6","Uitstootbelasting Etenswaren","dat:","Meer etenswaren dan alleen maar vlees veel broeikasgas uitstoot veroorzaken; Tussen de verschillende soorten etenswaren er grote verschillen bestaan wat betreft diezelfde uitstoot; De regering in het verleden en heden voornamelijk uitstoot beprijsd doormiddel van een vast bedrag in belasting; ","Een vleestax veel andere vervuilende etenswaren negeert, denk bijvoorbeeld aan kaas en chocolade; Er veel broeikasgas uitstoot bespaart kan worden wanneer mensen de switch maken van zwaar vervuilend (bijv rund of kaas) naar minder vervuilend (bijv kip of vis); ","Niet alleen vlees maar alle zwaar vervuilende etenswaren moeten worden belast op basis van de werkelijke broeikas uitstoot; "
"PM7","Loss and damages Klimaatfonds","dat:","De gevolgen van klimaatverandering groeien in ernst, grootte en frequentie over de hele wereld; Deze klimaatrampen resulteren in grote economische en niet-economische verliezen, zoals: ontheemding, verlies van (cultureel) erfgoed, migratie en menselijke slachtoffers; ","De meeste getroffen landen ontwikkelingslanden zijn die zelf maar voor een klein deel verantwoordelijk zijn voor de menselijke hand in klimaatverandering; Deze getroffen ontwikkelingslanden zelf niet de financiële mogelijkheden hebben om de grote kosten van deze klimaatrampen te dragen; ","De G20 landen zich in moeten zetten om het afgesproken bedrag, van eerst 100 miljard USD en later meer, in het Loss and Damages Fund te vullen, en er meer controle wordt uitgevoerd op de uitgave hiervan door een externe onafhankelijke partij; "
"PM8","Duidelijkheid Websites EU","dat:","de sites van de instituties van de EU onnodig verwarrend zijn, noch voldoende inzicht in de agenda’s van de instituties noch voldoende inzicht in de uitslag van besluitprocedures geven; er ook geen consistentie tussen de sites van de verschillende instituten is, waardoor kennis over de werking van de site van één van de instituten je niet veel verder brengt op de site van een ander; ","de websites van de Europese Unie een belangrijk deel van de communicatie uit dienen te maken; de transparantie van de Europese democratie gehinderd wordt door onduidelijke digitale informatievoorziening; transparantie vaak wordt gezien als iets waar de EU nog een hoop kan verbeteren; ","de sites van de instituties van de EU moeten worden herontworpen, met een focus op uniformiteit tussen de verschillende sites, duidelijkheid in het algemeen en specifiek waar het gaat om de agenda’s en uitslagen van besluitprocedures; "
"PM9","Israël-Palestina","dat:","De Israëlische staat steeds vaker de mensenrechten schendt, en dit steeds vaker in het Palestijnse gebied doet; Palestijnen zowel in Israël als bezet Palestina dagelijks met ongelijkheid en schendingen van mensenrechten te maken hebben; ","Er weinig bereidheid is vanuit beide partijen tot verzoening; Er zeer weinig bereidheid is om het grondgebied te delen; De Jonge Democraten sinds 2015 Palestina willen erkennen; Een groeiende groep Nederlanders Israël sancties wil opleggen vanwege haar nederzettingenbeleid en Palestina als aparte staat wil erkennen, al zie je dat
nog niet direct terug in de Tweede Kamer; ","De Jonge Democraten staan voor een tweestatenoplossing volgens de grenzen van
(pre-)1967; "
"PM10","Europese Omroep","dat:","er bijzonder weinig berichtgeving over de Europese politiek is en dat de berichtgeving die er is vaak door gebrek aan expertise van lage kwaliteit is; publieke omroepen zoals BBC of publieke omroepbestellen zoals de het Nederlandse publieke omroepbestel laten zien dat een publieke gefinancierde omroep een goede informerende functie kan vervullen; ","adequate berichtgeving over de politiek een essentieel aspect van democratie en een
verantwoord bestuur is; een Europabreed gesprek van belang is voor het bevorderen van het politieke aspect van de Europese Unie; ","de Europese Unie een publieke omroep of omroepbestel moet creëren met de taakstelling actuele informatievoorziening aan de Europese bevolking over Europa te leveren en het Europese debat te bevorderen, bevolking over Europa te leveren en het Europese debat te bevorderen."
"PM11","Genderneutraal recht","2023","Wetsartikelen veelal niet genderneutraal geformuleerd zijn; wetsartikelen veelal genderneutraal geformuleerd kunnen worden, zonder dat dit leidt tot ongewenste rechtsgevolgen; ","Genderneutrale formulering het uitgangspunt vormt van het huidige kabinet voor nieuwe wetgeving; genderneutrale formulering bijdraagt aan inclusievere regelgeving; ","Het uitgangspunt moet zijn dat wetsartikelen genderneutraal worden geformuleerd; "
"PM12","Vrijwillige ouderbijdrage","2023","De in augustus 2021 aangenomen wet op de vrijwillige ouderbijdrage scholen verplicht kinderen wiens vrijwillige bijdrage niet betaald is toch deel te
laten nemen aan de activiteiten waar die bijdrage voor bedoeld is; Activiteiten die zonder ouderbijdrage voor scholen niet uitvoerbaar zijn, zoals tweetalig onderwijs of buitenlandse reizen ook onder deze wet vallen; Door het bovengenoemde scholen in de financiële problemen kunnen komen als zij dit soort activiteiten aanbieden; Het bovengenoemde ervoor zorgt dat scholen uit angst voor financiële risico’s minder activiteiten buiten het lesprogramma aanbieden; Stichting Leergeld sinds de inwerkingtreding van de Wet op de vrijwillige ouderbijdrage niet meer bereid is ouders die de bijdrage niet kunnen betalen te hulp te komen; ","Het voor de ontwikkeling van leerlingen essentieel is dat een schooldag niet altijd slechts een lesdag is; School voor veel kinderen met een mindere sociaal-economische positie de enige manier is om kennis te maken met bepaalde activiteiten; Het aanbod van activiteiten buiten het lesprogramma op veel scholen al onder druk staat; ","De in augustus 2021 aangenomen wet op de vrijwillige ouderbijdrage zo dient te worden gewijzigd, dat het voor scholen mogelijk wordt om leerlingen wiens ouders de bijdrage voor bijvoorbeeld reizen, taalexamens en TTO niet betalen uit te sluiten van die activiteiten, waarbij er ruimte ontstaat voor scholen om een
solidariteitsregeling op te zetten voor ouders die de bijdrage niet kunnen betalen."
"PM13","integriteitsbeleid (oud)bewindspersonen","2023","Ministers en staatssecretarissen vaak lobbywerkzaamheden uitvoeren na hun aftreden; ministers en staatssecretarissen gebruikmaken van hun contacten opgedaan tijdens hun bewindsperiode ten behoeve van lobbyorganisaties.","Belangenverstrengeling van oud bewindspersonen voorkomen moet worden.","Strengere lobbyregels moeten verbieden dat oud bewindspersonen voor een bepaalde periode na hun aftreden mogen lobbyen op een terrein of aanverwant terrein waarop zij werkzaam waren."
"PM14","Bezwaarprocedures duurzaamheidsprojecten","2023","strategische grondstoffen een essentieel onderdeel zijn in alle elektronische apparaten aanwezig; afhankelijkheid van import voor deze materialen een groot risico kan vormen voor de Europese economie en de energietransitie; grondstofwinning en -raffinage binnen de EU niet economisch competitief is met import; er een groot aantal vergunningen en rapporten nodig is om een nieuwe mijnbouwoperatie te beginnen; ","een van de grootste obstakels voor nieuwe mijnbouwoperaties in de EU bezwaren van omwonenden en milieuorganisaties zijn; er vaak weinig rekening wordt gehouden met de effecten van het niet-winnen van grondstoffen; het behandelen van deze bezwaren vaak zo lang duurt dat de financiering van nieuwe projecten in het geding komt; ","bezwaarprocedures tegen projecten die belangrijk zijn voor de energietransitie sneller behandeld moeten worden, en er meer oog moet komen voor de consequenties voor milieu en energiezekerheid als het project niet uitgevoerd wordt."
"PM15","Staatssteun Oeganda","2023","Het Museveni regime in Oeganda met door Nederland gefinancierde politiebusjes dissidenten afvoert en opsluit; Er nu niet genoeg zicht is door de Nederlandse overheid op de manier waarop uitgaven worden gedaan aan buitenlandse organisaties of projecten; ","De Jonge Democraten niet willen meedoen aan het sponsoren van regimes zoals die in Oeganda; Het Nederlandse belastinggeld nu niet besteed wordt waarvoor het bedoeld is; De Nederlandse staat onvoldoende zicht heeft op haar uitgaven aan ontwikkelingssamenwerking; Het Nederlands Instituut voor Meerpartijen Democratie (NIMD) in 2022 ook al gestopt is met het sponsoren van het Oegandees democratisch overlegorgaan IPOD, vooral omdat deze organisatie eigenlijk alleen theekransjes voor Museveni faciliteert -aldus een Oegandese journalist-, en dus niet de kop in het zand wil steken; ","De Nederlandse staat moet stoppen met financiële steun aan het Oegandese regime vanwege gewelddadige acties; Nederland een onafhankelijk orgaan moet creëren wat het Ministerie van Buitenlandse Zaken controleert op hoe het buitenlandse budget besteed wordt; "
"PM16","Nareisbeperking families statushouders","2023","Het kabinet in augustus 2022 een ‘asieldeal’ heeft gesloten in een poging de knooppunten in de Nederlandse asielopvang op te lossen; Als onderdeel van deze asieldeal het nareizen van familie van statushouders wordt uitgesteld totdat de statushouder een woning heeft gevonden of na maximaal 15 maanden; Twee verschillende rechters al hebben bepaald dat deze regeling onwettig is; De staatssecretaris van Justitie en Veiligheid heeft aangegeven de maatregel tijdelijk op te schorten, maar wel tegen deze uitspraken in beroep te gaan; ","De Jonge Democraten geloven dat alle statushouders in Nederland recht hebben op een menswaardig verblijf en voldoende kansen om in de samenleving mee te doen; Het samenzijn met de directe familie een essentieel onderdeel is van dit recht; De nareisbeperking de stroom migranten naar Nederland niet per se vermindert, maar slechts verplaatst; Door deze nareisbeperking gezinnen van vluchtelingen langer in levensgevaarlijke situaties blijven leven, bijvoorbeeld in Iran; De huidige onderliggende problemen in het Nederlandse asielbeleid, zoals een tekort aan personeel en opvangplekken, daarmee niet worden aangepakt; ","De nareisbeperking voor de families van statushouders definitief moet worden opgeheven; "
"PM17","Europees Zoönosebeleid","2023","vrijwel alle grote ziekte-uitbraken in de geschiedenis, van de pest, tot de Spaanse griep tot Covid-19 in alle waarschijnlijkheid gevallen van zoönosen waren; er op dit moment geen duidelijke regelgeving op Europees niveau is die zoönose preventief bestrijdt; door Europese intensieve landbouw er een groot risico op het uitbreken van een volgende zoönose bestaat; ","een grensoverschrijdend probleem als zoönose een Europese aanpak vereist, zowel om het probleem zo effectief mogelijk aan te pakken als om geen enkele Europese boer een concurrentienadeel binnen de interne markt te geven; de potentiële kosten, zowel in menselijk leed als in euro’s, van zoönose zo hoog liggen dat het belang het spoedig opstellen van effectief beleid gigantisch is; een virus dat zich in één land ontwikkelt grote problemen voor zowel heel Europa als heel de wereld kan opleveren.","de Jonge Democraten zich moeten inzetten voor nieuwe Europese wetgeving voor de veehouderij om het risico op een volgende zoönose te verkleinen; "
"PM18","Flitshandel","2023","Supersnelle beurshandel, bekend als ‘flitshandel’, gigantische winsten boekt op de financiële markt door middel van geautomatiseerde handel die plaatsvindt in microseconden (0,000001); Kosten- en marktbarrières de gewone belegger en pensioenfondsen verhinderen met dezelfde snelheid als flitshandelshuizen te kunnen handelen; Gewone beleggers en pensioenfondsen benadeeld worden met extra kosten doordat flitshandel met veel hogere snelheid transacties kan inhalen en vooruitlopend de prijs kan veranderen; De gewone belegger vaak niet bewust is dat deze benadeeld wordt door flitshandelshuizen; ","Het gedrag van flitshandelshuizen handel met voorkennis en marktmanipulatie doet vermoeden, welke bij wet verboden zijn; De Autoriteit Financiële Markten flitshandel niet als een op zichzelf staande handelswijze ziet en gelijk behandeld als reguliere handel; De Wet op het Financieel Toezicht geen specifieke kaders stelt aan flitshandelshuizen; Op basis van huidige wetgeving, fraude door flitshandel erg lastig te bewijzen is vanwege de snelheid waarmee transacties plaatsvinden en doordat de beslissingen door algoritmes genomen worden; De Jonge Democraten voorstander zijn van een overheid die optreedt als marktmeester; ","De Jonge Democraten het gedrag van flitshandelshuizen afkeuren; De Jonge Democraten pleiten voor specifieke regulering van flitshandel; "
"PM19","Korting op vleesproducten","2023","De reclamefolders van supermarkten vol staan met aanbiedingen voor goedkoop vlees, vaak zonder Beter Leven keurmerk; De vleesconsumptie in Nederland in belangrijke mate bijdraagt aan onze ecologische voetafdruk; De consumptie van vlees negatieve gevolgen heeft voor de volksgezondheid; ","Het consumeren van vlees gepaard gaat met vele negatieve externaliteiten; Het gedrag van de consument stuurbaar is door middel van prijsprikkels; Boeren een eerlijke prijs zouden moeten krijgen voor hun waren; Uit onderzoeken blijkt dat rijke landen hun vleesconsumptie drastisch moeten verminderen om de klimaatdoelen te halen; ","Het stunten met de prijs van vlees beperkt zou moeten worden."
"PM20","Wederopbouw Oekraïne","2023","Oekraïne veel schade oploopt door de voortdurende invasie door de Russische Federatie; Oekraïne kandidaat-lidstaat van de EU is; de criteria voor het toetreden van de Europese Unie, de criteria van Kopenhagen, onder anderen eisen stellen aan de economie en de democratische rechtsstaat en instituten van een land; ","de schade die Oekraïne nu lijdt door de Russische invasie schade is die wordt geleden in de
verdediging van de gehele vrije wereld; de schade die Oekraïne nu lijdt het lastiger zal maken om te voldoen aan de economische eisen
voor toetreding van de EU; een politiek klimaat na een oorlog, niet perse bevorderlijk is voor de democratische rechtsstaat; de criteria van Kopenhagen niet aan de kant moeten worden gezet, ook niet voor Oekraïne; Europa na de Tweede Wereldoorlog zo snel haar economieën en instituten kon opbouwen in geen kleine maten door het Marshallplan.","de Europese Unie en haar leden een ontwikkelingsplan, bestaand uit onder meer giften
en gulle leningen voor Oekraïne moeten opstellen, met als doelstelling de wederopbouw van Oekraïne en om Oekraïne zo snel mogelijk aan de criteria van Kopenhagen te laten voldoen; "
"PM21","spreidingswet en tijdspad opvanglocaties","2023","In november 2022 staatssecretaris Van der Burg de zogenaamde ‘spreidingswet’ heeft gepresenteerd; Deze wet het mogelijk moet maken vluchtelingen beter over gemeenten in Nederland te verdelen en zo de realisatie van ongeveer 40.000 extra opvangplekken mogelijk moet maken; De locaties die gemeenten voor vluchtelingenopvang opzetten volgens deze wet minimaal 5 jaar inzetbaar moeten zijn; ","De korte beschikbaarheid van opvanglocaties in het verleden voor een groot deel heeft bijgedragen aan de asielcrisis en de gevolgen daarvan in 2022; De Jonge Democraten voorstander zijn van menswaardige en goede opvang voor iedereen die
dat nodig heeft; Een duurzaam netwerk aan opvanglocaties in Nederland essentieel is om in de toekomst
voorbereid te zijn op hogere vluchtelingenstromen; Het COA in een reactie op de spreidingswet heeft aangegeven dat zij voor veel locaties een beschikbaarheid van 25 tot 30 jaar zouden willen zien; ","In de spreidingswet moet worden opgenomen dat nieuwe opvanglocaties voor tenminste 25 jaar beschikbaar blijven"
"PM22","Spreidingswet en belonen doorstroom","2023","In november 2022 staatssecretaris Van der Burg de zogenaamde ‘spreidingswet’ heeft gepresenteerd; Deze wet het mogelijk moet maken vluchtelingen beter over gemeenten in Nederland te verdelen en zo de realisatie van ongeveer 40.000 extra opvangplekken mogelijk moet maken; Gemeenten met deze wet een beloning kunnen krijgen van 2500 euro per extra opvangplek; ","De financiële beloning voor gemeenten voor het plaatsen van vluchtelingen in opvanglocaties een prikkel kan zijn om vluchtelingen niet door te laten stromen naar woningen, waardoor de druk op de opvang nog hoger wordt; ","De beloningen voor gemeenten in de spreidingswet zo ingericht moeten worden dat ook het laten doorstromen van statushouders naar woningen wordt beloond; "
"PM23","Spreidingswet en doelgroepbeperking","2023","In november 2022 staatssecretaris Van der Burg de zogenaamde ‘spreidingswet’ heeft gepresenteerd; In deze wet niet expliciet staat opgenomen dat gemeenten geen doelgroepbeperking mogen hanteren; ","Het COA in een reactie op het wetsvoorstel heeft aangegeven zich zorgen te maken over de opvang van kwetsbare groepen, zoals alleenstaande minderjarige vluchtelingen (AMV’s); Een doelgroepbeperking vanuit gemeenten ertoe zou kunnen leiden dat dit soort kwetsbare groepen niet goed door het COA kunnen worden opgevangen; ","Het noodzakelijk is dat alle nieuwe opvanglocaties voor vluchtelingen zonder doelgroepbeperking beschikbaar worden gesteld aan het COA, en dat dit expliciet in de spreidingswet wordt opgenomen; "
"PM24","Spreidingswet en dwang","2023","In november 2022 staatssecretaris Van der Burg de zogenaamde ‘spreidingswet’ heeft gepresenteerd; Deze wet het mogelijk moet maken vluchtelingen met een verblijfsvergunning beter over gemeenten in Nederland te verdelen en zo de realisatie van ongeveer 40.000 extra opvangplekken mogelijk moet maken; Wanneer gemeenten meer opvangplekken verzorgen, andere gemeenten in dezelfde provincie volgens de wet minder vluchtelingen hoeven op te vangen; ","De wet ervoor kan zorgen dat gemeenten de opvang van vluchtelingen met een verblijfsvergunning zo lang mogelijk uitstellen, in afwachting van andere
gemeenten, in de hoop dat zij dan minder mensen hoeven op te vangen; De wet ervoor kan zorgen dat bij gemeenten waar al locaties zijn een prikkel ontstaat om deze te doen krimpen om zo de provinciale opgave te verminderen; ","Het wenselijk is dat de regering gebruik maakt van dwang om te voorkomen dat gemeenten de opvang van vluchtelingen met een verblijfsvergunning onnodig uitstellen of afbouwen."
"PM25","Reisadvies grensgebieden Belarus","2023","het Ministerie van Buitenlandse Zaken een rood reisadvies voor de grens van Polen met Belarus heeft gegeven; een rood reisadvies als effect heeft dat je verzekeringen niet meer gelden in die regio; het vrije verkeer van personen een van de fundamenten van de EU is; ","er geen sprake is van vrij verkeer van personen naar de Polen als je verzekeringen niet meer gelden in delen van het land; ","de Nederlandse overheid het rode reisadvies voor de Poolse grens met Belarus moet intrekken of anders moet afdwingen dat het geen effect op verzekeringen heeft; "
"PM26","Leveren Materieel Oekraïne","2023","Oekraïne zich nu al bijna een jaar lang verdedigt tegen de invasie van de Russische Federatie; ","Oekraïne niet alleen vecht voor de haar eigen vrijheid maar ook voor vrijheid en democratie en tegen tyrannie en autocratisch landjepik, en daarmee ook voor ons vecht; er om een oorlog te winnen materieel nodig is dat Oekraïne nu zelf niet toereikend kan produceren; de kosten van materieel leveren hoog kunnen liggen, maar het veel lager ligt dan de prijs die Oekraïners nu betalen of de kosten die eraan verbonden zouden zijn als Rusland deze oorlog zou winnen; ","de Nederlandse staat materieel dat Oekraïne nodig heeft of voorzienbaar nodig zal hebben, zowel van militaire als van andere aard, moet leveren aan Oekraïne en haar bondgenoten moet aanzetten hetzelfde te doen, voor zo lang de invasie door Rusland gaande is."
"PM27","Stedenverbanden Rusland","2023","Er nog Nederlandse steden zijn die hun stedenband met Russische steden niet hebben verbroken, waaronder Groningen, Rotterdam en Nijmegen; Sinds 24 februari 2022 Rusland zich in een staat van oorlog met Oekraïne bevindt; ","De Jonge Democraten vanwege de oorlog steun willen betuigen aan Oekraïne; De stedenbanden gedurende de oorlog niet van veel nut zullen zijn voor de desbetreffende steden; De stedenbanden met Rusland nu ambtelijke capaciteit vergen die beter elders besteed kan worden, bijvoorbeeld met nieuwe stedenbanden met steden in Oekraïne en Moldavië; ","Nederlandse steden al hun stedenbanden met Russische steden moeten verbreken."
"PM28","Gelijkwaardig ouderschapsverlof","2023","Vrouwen gemiddeld nog steeds 20% minder verdienen dan mannen en dit gemiddeld 30% is 7
jaar na een geboorte; Vrouwen gemiddeld nog steeds 20% minder verdienen dan mannen en dit gemiddeld 30% is 7 jaar na een geboorte; Er in 2017 1.470 gevallen van zwangerschapsdiscriminatie op de Nederlandse werkvloer zijn gemeld; De vrouw in totaal 16 weken zwangerschapsverlof krijgt; De man 1 werkweek, plus de tijd dat je vrouw bevalt, betaald partnerverlof krijgt; Aangevuld met 5 weken geboorteverlof, dat echter maar voor 70% vergoed wordt; Alle ouders recht hebben op ouderschapsverlof, dat 9 weken 70% vergoed en daarna de mogelijkheid geeft tot 15 weken onbetaald verlof; Vrouwelijke ZZP’ers wel 16 weken lang een vergoeding van de overheid krijgen terwijl mannelijke ZZP’ers helemaal geen vergoeding krijgen; Het huidige systeem enorm complex is; Het huidige systeem nog steeds een groot onderscheid maakt tussen mannen en vrouwen
waardoor het systeem niet inclusief is voor mensen die niet binnen deze hokjes vallen; In IJsland beide ouders eerst drie maanden verlof krijgen en daarna nogmaals drie maanden om te verdelen naar eigen inzicht; De regelingen binnen en tussen bedrijven omtrent ouderschapsverlof enorm varieert; Het politiek programma van de Jonge Democraten op dit moment slechts stelt dat het
ouderschapsverlof “uitgebreid” moet worden; ","Een gelijke verdeling van ouderschapsverlof de achterstand van vrouwen op de arbeidsmarkt
verkleind. (Ook wel Child Penalty genoemd); ","Het opvoeden van een kind niet alleen de vrouw haar taak is, dus dat alle nieuwe ouders minimaal 16 weken 100% betaald verlof moeten krijgen; "
"PM29","Gemeenschappelijk Landbouwbeleid","2023","met €379 miljard en daarmee ca. 31% van de de uitgaven van het meerjarig financieel kader van de EU (2021-2027) het Gemeenschappelijk Landbouwbeleid (GLB) veruit de grootste structurele kostenpost van de EU is; veehouderij verantwoordelijk is voor meer dan de helft van de agriculturele uitstoot geproduceerd in Europa; het GLB als doelstelling heeft om uitstoot te verminderen; ","het huidige GLB vrijwel niets doet om de uitstoot van de veehouderij te verminderen, maar het juist kunstmatig in staat houdt door gigantische subsidies; de voedselzekerheid doelstelling van het GLB beter vervuld kan worden door te focussen op planten met veel proteïne en nieuwe technieken zoals kweekvlees en door schimmels geproduceerde zuivel; de onethische behandeling van dieren in de bio industrie mede in stand wordt gehouden door de subsidies uit het GLB; ","de subsidies van het GLB aan veehouders zo snel mogelijk moeten verdwijnen, en dat het GLB zich meer moet richten om niet dierlijke methoden van eiwitproductie; "
"PM30","Hoeveelheid landbouwland","2023","de meeste Nederlandse landbouw niet bijdraagt aan de voedselzekerheid, maar slechts van economisch belang is; de economische productiviteit van landbouwgrond veel lager is dan die van grond in stedelijke of industriële gebieden; de biodiversiteit in Nederland achteruit holt, terwijl die, naast andere overwegingen, van groot
economisch belang is; de biodiversiteit in landbouwgrond bijzonder laag is; ","de landbouw in deze context geen economisch rationele industrie is om op dezelfde schaal voort te zetten als dat ten koste gaat van de ontwikkeling van de economie op andere vlakken; de stikstofcrisis tot de vertraging en het afblazen van een groot aantal (groene) industriële projecten en stadsuitbreidingen heeft geleid; de vastberadenheid om de hoeveelheid landbouwgrond niet af te laten nemen zorgt voor grenzen aan de (economische) groei van stedelijke en industriële gebieden; ","de hoeveelheid land die in Nederland wordt gebruikt voor landbouw verminderd moet worden; In plaats daarvan moeten natuur, industrie, en woningbouw voorrang krijgen; "
"PM31","Numerus Fixus","2023","Het aantal wo-studenten fors gegroeid is de afgelopen jaren; De bekostiging vanuit de overheid niet evenredig gegroeid is; Er op korte en middellange termijn onvoldoende financiële middelen zijn binnen de rijksbegroting om deze scheefgegroeide bekostiging achteraf recht te trekken; De groei in studentenaantallen voor een substantieel deel toe te schrijven is aan de toename van het aantal internationale studenten; Instellingen zelf aangeven te weinig instrumenten te hebben om de instroom te kunnen reguleren; ","De overheid een taak heeft om de arbeidsmarkt zodanig te reguleren dat de personeelsvraag enigszins in lijn is met het personeelsaanbod; Het voorgaande impliceert dat de overheid een taak heeft de studentenaantallen te reguleren; Er bij sommige studies een dusdanig hoge instroom is dat de onderwijskwaliteit onder druk komt te staan; Er bij sommige studies veel meer studenten afstuderen dan dat er vraag naar is vanuit de markt; Er bij andere studies juist grote tekorten zijn in vergelijking met de vraag; De toegang tot het verscheidene studies onder druk staat voor Nederlandstalige studenten door de hoge studentenaantallen; Internationalisering ook problematische gevallen oplevert qua woonbeschikbaarheid; ","Onderwijsinstellingen (mbo, hbo en wo) meer juridisch toelaatbare instrumenten moeten krijgen om een numerus fixus in te stellen voor studies waarbij de studentenaantallen niet meer in lijn zijn met de vraag; "
"PM32","Basisbeurs voor leenstelselstudenten","2023","In de zomer van 2023 de basisbeurs wordt ingevoerd; Een student uitsluitend recht heeft op een basisbeurs binnen de nominale studieduur; Een student recht heeft op een studielening gedurende de nominale studieduur + 3 jaar (‘leenfase’); Studenten die zijn begonnen in het leenstelsel vaak geen aanspraak meer kunnen maken op de basisbeurs.","Het onrechtvaardig voelt dat leenstelselstudenten geen of beperkt aanspraak kunnen maken op een basisbeurs; Leenstelselstudenten met vertraging een nog hogere studieschuld krijgen dan dat ze al hadden zonder basisbeurs; De compensatie voor het leenstelsel een fractie is van de aankomende basisbeurs; ","Leenstelselstudenten, zolang ze onder de leenfase vallen, onder dezelfde voorwaarden een basisbeurs kunnen krijgen als de studenten die met ingang van het studiejaar 2023/2024 een basisbeurs krijgen; "
"PM33","Transgenderparticipatie in sport","2023","Het Internationaal Olympisch Comité regelgeving rondom de toelating van transgender mensen in sport overlaat aan individuele sportfederaties; Discussies en lobbywerk steeds vaker leiden tot uitsluiting van transgender sporters; Het toegewezen geslacht hierbij steeds vaker leidend is in de toelating van transgender mensen; ","Transgender mensen na hormoontherapie van 1 tot 2 jaar de meeste sportieve voordelen met cisgender mensen verliezen; Veel transgender sporters die actief zijn niet bijzonder goed presteren en de uitschieters het beeld vertekenen; Om het overige verschil aan te pakken, sportcommissies strenge regels kunnen vaststellen voor ieder deelnemer, bijvoorbeeld op het gebied van testosteronhoeveelheid; Strenge toegangseisen betreffende natuurlijke voordelen vaak niet worden gehandhaafd voor cisgender sporters; Genderacceptatie cruciaal is voor de sociale gezondheid, en met het huidig beleid onder vuur ligt; ","Transgender sporters mogen niet op basis van hun toegewezen geslacht geweerd worden van deelname aan competities of wedstrijden; "
"PM34","Lijstverbindingen","2023","er steeds meer partijen in Nederland zijn; een groter aantal partijen als gevolg heeft dat meer stemmen eindigen als reststemmen en daardoor niet vertegenwoordigd worden; er in Nederland tot 2017 de mogelijkheid was om lijstencombinaties te creëren waarbij partijen die aan zo’n lijstencombinatie mee deden gezamenlijk niet minder zetels konden krijgen dan de lijstcombinatie in totaal verdiend zou hebben als het één partij was geweest.","er in een democratie nagestreefd moet worden dat zo min mogelijk stemmen verloren gaan; reststemmen een nog groter probleem zijn bij verkiezingen waarbij weinig zetels te behalen vallen zoals de verkiezingen voor het Europees Parlement.","Nederland het creëren van lijstencombinaties weer mogelijk moet maken; "
"PM35","Vervolging Poetin","2023","Russische soldaten en bevelhebbende mensenrechten en het oorlogsrecht schenden en misdaden tegen de mensheid begaan in Oekraïne; Oekraïne in 2014 het Internationaal Strafhof (ICC) jurisdictie heeft gegeven op haar grondgebied; naast degene die misdaden uitvoeren ook hun bevelhebbers kunnen worden vervolgd door het ICC; Oekraïne heeft gevraagd om een speciaal tribunaal om Poetin te vervolgen voor zijn misdaden bij de invasie van Oekraïne; ","het ICC is opgericht mede met het idee om niet meer telkens een apart tribunaal op te moeten richten; er in er het verleden succes is geweest met internationale ad hoc tribunalen, zoals bij het Joegoslaviëtribunaal en het Rwandatribunaal, gecreëerd door de VN Veiligheidsraad (UNSC); het een open vraag is of het Poetin immuniteit heeft van vervolging door het ICC zolang hij staatshoofd is van Rusland aangezien Rusland geen partij is van het Statuut van Rome; als Poetin immuniteit geniet van vervolging van het ICC dat niet omzeild kan worden door een verwijzing van de UNSC aangezien Rusland in de P5 zit; Poetin verantwoordelijk gehouden moet worden voor zijn misdaden; ","de Jonge Democraten voorstander zijn van een speciaal Poetin tribunaal mocht het ICC besluiten dat zij Poetin niet kan vervolgen, idealiter met de macht om straffen op te leggen"
"PM36","Mijnbouw in de EU","2023","strategische grondstoffen een essentieel onderdeel zijn in alle elektronische apparaten aanwezig; afhankelijkheid van import voor deze materialen een groot risico kan vormen voor de Europese economie en de energietransitie; grondstofwinning en -raffinage binnen de EU niet economisch competitief is met import; ","het in het huidige systeem bijna onmogelijk is voor mijnbouwbedrijven om nieuwe projecten te beginnen binnen de EU; de EU niet afhankelijk moet zijn van klein aantal landen buiten de EU (vaak ook totalitaire regimes) voor deze strategische grondstoffen. Er bestaat hierbij een grote kans op eventuele chantage in de toekomst; de Europese commissie het verkrijgen van vergunningen voor mijnbouw op enkele vlakken al wil verlagen; ","het winnen en raffineren van grondstoffen binnen de EU aangemoedigd moet worden, en barrières voor nieuwe operaties verlaagd moeten worden op een manier dat de schade aan omgeving en milieu beperkt blijft; "
"PM37","Begrijpend lezen","2023","Begrijpend lezen de grootste oorzaak is dat de taalvaardigheid onder Nederlanders daalt; Begrijpend lezen vormt 60 procent van het onderwijsprogramma van het voortgezet onderwijs; Van de jongeren kan 24 procent niet op het gewenste niveau lezen. Met als gevolg dat ze
teksten niet goed kunnen begrijpen. Ze hebben er moeite mee om de boodschap van berichten eruit te halen en conclusies aan een tekst te verbinden; Het eindexamen volledig bestaat uit begrijpend lezen dat ervoor zorgt dat hier gedurdende de hele schoolperiode de nadruk op ligt; Je bij het onderdeel ‘begrijpend lezen’, trucjes aanleert (om het eindexamen goed te maken) in
plaats van daadwerkelijk het leren van het begrijpen van teksten/literatuur; ","De Jonge Democraten grote waarde hechten aan een hoog niveau van het onderwijs; Beheersing van de Nederlandse taal is cruciaal voor het optimaal participeren in de maatschappij; Veel vaardigheden – die je bij het vak Nederlands zou moeten ontwikkelen – onderbelicht worden (zoals: literatuur, discussiëren en kritisch schrijven); ","De nadruk op begrijpend lezen in het voortgezet onderwijs een belemmering vormt voor de algehele ontwikkeling van taalvaardigheid onder Nederlanders en daarom het huidige Nederlands examenprogramma op de schop moet, waarbij begrijpend lezen een kleinere rol krijgt; "
"PM38","Belasten privévliegtuigen","2023","privévliegtuigen ongeveer 10 keer zo veel CO2 uitstoten per passagier-kilometer dan commerciële vliegtuigen; privévliegtuigen veel gebruikt worden voor korte afstanden (onder de 500 km); privévluchten buiten het Europees emissiehandelssysteem vallen, terwijl commerciële vluchten er binnen vallen; privévliegtuigen ook op andere vlakken belastingvoordelen krijgen; het aantal privévluchten veel sneller groeit dan het aantal commerciële vluchten; ","mensen met krappe inkomens accijnzen en CO2-taks betalen om klimaatverandering tegen te gaan, terwijl de rijksten veel meer schade aanrichten; het niet eerlijk is dat commerciële vluchten elkaar jaar minder rechten kunnen opkopen in het ETS; terwijl privévluchten op dit moment onbeperkt kunnen vliegen; privévluchten minder belangrijk zijn voor de economie en het algemeen welzijn dan commerciële vluchten; ","privévluchten belast moeten worden evenredig met de vervuiling die ze veroorzaken, en net als de commerciële luchtvaart onder het ETS moet gaan vallen; "
"PM39","Kunst en het Koningshuis III","2023","Het bestuur van Stichting Archief van het Huis Oranje-Nassau bestaat uit een lid van het koningshuis en twee leden die met het koningshuis nauwe banden hebben; Ditzelfde bestuur kan bepalen welke kunst van het koningshuis wel of niet geveild mag worden; De statuten van de stichting het verkopen van kunst toe kunnen staan zodra het bestuur hier unaniem mee eens is; Het bestuur nog nooit een inventarislijst gepubliceerd heeft; ","Er onvoldoende duidelijkheid is over de status van vele kunststukken in bezit van het koningshuis; Het bestuur onvoldoende neutraal staat in belangrijke beslissingen rond mogelijke staatseigendommenAndere koningshuizen onafhankelijk beheerde stichtingen hebben om over dit soort kwesties beslissingen te maken; ","Stichting Archief van het Huis Oranje-Nassau een onafhankelijk bestuurde stichting moet worden; Het nieuwe bestuur een periodieke inventarislijst moet publiceren."
"PM40","Kunst en het Koningshuis II","2023","Stichting Archief van het Huis Oranje-Nassau een ruim maar onvolledig overzicht biedt van de schatten van het Koninklijk Huis; Meerdere voorvallen laten zien dat er veel eigendommen van het koningshuis op zolder en andere plekken verborgen liggen; De eerder genoemde stichting als doel heeft kostbare voorwerpen in bruikleen te brengen, te conserveren en als nodig te restaureren; ","(Kwetsbare) kunst niet op een zolder weggelegd hoort te liggen, omdat de conservering ervan dan niet gegarandeerd kan worden; Te veel kunst voor het algemene publiek onzichtbaar in bezit is van het koningshuis; ","Er een ad hoc commissie tot stand moet komen om alle kunst in bezit van het koningshuis in kaart te brengen en toe te voegen aan het archief van Stichting Archief van het huis van Oranje-Nassau."
"PM41","Kunst en het Koningshuis I","2023","Al decennia lang staatsgeschenken en kunst die via geld uit de Staatskas aangeschaft zijn op veilingen verschijnen; De bovengenoemde categorie kunst een belangrijk onderdeel is van de koninklijke- en Nederlandse culturele geschiedenis; ","Dergelijke kunst niet zomaar op een veiling hoort te eindigen; Giften van andere Staatshoofden aan het Staatshoofd van Nederland niet als handelsvoorwerpen gezien moeten worden; Nationale musea in alle gevallen als eerste de mogelijkheid krijgen nationaal erfgoed tentoon te stellen, dan wel in bruikleen te nemen; ","Officiële geschenken en kunst, gekocht met geld uit de Staatskas, worden aangemerkt als Nationaal Roerend Erfgoed."
"PM42","Ongevraagde of ongewenste naaktbeelden","2022","Het ontvangen van ongevraagde en ongewenste naaktbeelden via social media zoveel voor komt dat men zelden verbaasd is over het ontvangen van ongewenste of ongevraagde naaktbeelden.Het sturen van ongewenste naaktbeelden al bestraft kan worden met tot twee maanden gevangenisstraf, maar dit in de praktijk niet actief wordt gehandhaafd.","Het versturen van een ongevraagde ongewenste naaktbeelden seksuele intimidatie is.Het internet niet een platform zou moeten zijn om laagdrempelig seksueel te intimideren.","De overheid ontvangers van ongewenste of ongevraagde naaktbeelden actief moet aanmoedigen om aangifte te doen."
"PM43","Aandelen Airfrance-KLM","","","",""
"PM44","Stikstof","","","",""
"PM45","Collectief Particulier Opdrachtgeverschap Woningbouw","","","",""
"PM46","Revolverend fonds woningbouw","","","",""
"PM47","Herzienlijk Natuurschoonwet","","","",""
"PM48","Woningbouw op water","","","",""
"PM49","Superblocks","","","",""
"PM50","Bewijslast Chemicaliën","","","",""
"PM51","Milieuschade houtkachels","","","",""
"PM52","Gezondheidsverklaring rijexamens","","","",""
"PM53","Flitsbezorgers","","","",""
"PM54","Seksuele weerbaarheid jongens","","","",""
"PM55","Progressieve vermogensaanwasbelasting","","","",""
"PM56","Percentages nieuwe vermogensaanwasbelasting","","","",""
"PM57","Wereldkampioenschap voetbal in Qatar","","","",""
"PM58","Afhankelijkheid Russisch gas","","","",""
"PM59","Gasboringen Noordzee","","","",""
"PM60","Boycot Rusland","","","",""
"PM61","Rente studielening","","","",""
"PM62","Economische samenwerking VAE","","","",""
"PM63","De loonkloof","","","",""
"PM64","Diversiteit en inclusie in het onderwijs","","","",""
"PM65","De rijke schooldag","","","",""
"PM66","Zuid-Chinese Zee dispuut","","","",""
"PM67","wachttijden transgenderzorg","","","",""
"PM68","GSA’s op middelbare scholen","","","",""
"PM69","Structurele investering in onderwijs ondersteunend personeel","","","",""
"PM70","Leerling-leerkracht ratio","","","",""
"PM71","Werknemerscoöperaties","","","",""
"PM72","Waarde toets bij gebiedsontwikkeling","","","",""
"PM73","Datacenters","","","",""
"PM74","Bewapening van Buitengewoon Opsporingsambtenaren","","","",""
"PM75","Terughoudend gebruik en regulering van stroomstootwapens bij de politie","","","",""
"PM76","Langetermijnvisie corona","","","",""
"PM77","Opslag van kernwapens in Nederland","","","",""
"PM78","Etiketten vleesproducten","","","",""
"PM79","Erkenning en onafhankelijkheid Tibet","","","",""
"PM80","Erkenning Taiwan","","","",""
"PM81","verbod gokreclames","","","",""
"PM82","Periodieke vrijwillige coronaprikken","","","",""
"PM83","Afvalwater zuiveren","","","",""
"PM84","Nationaal Programma Onderwijs","","","",""
"PM85","Bufferzones bij abortusklinieken","","","",""
"PM86","Gas boren onder de Waddenzee","","","",""
"PM87","Import van dwangarbeid","","","",""
"PM88","2G","","","",""
"PM89","Jongerenquotum kieslijsten","","","",""
"PM90","Gratis toegang musea","","","",""
"PM91","voorrangsregeling corona zorg","","","",""
"PM92","Maximum aantal corona bedden IC","","","",""
"PM93","Compensatie leenstelsel","","","",""
"PM94","Sluiting onderwijs door corona","","","",""
"PM95","Rouwverlof","","","",""
"PM96","Boerkaverbod","","","",""
"PM97","Europese media","","","",""
"PM98","EHBO en reanimatie als onderdeel van de lerarenopleiding","","","",""
"PM99","ADHD medicatie en verkeersdeelname","","","",""
"PM100","Vrijheid van Onderwijs","","","",""
"PM101","Belastingvrije schenking bij aankoop koopwoning","","","",""
"PM102","Vaccindiplomatie","","","",""
"PM103","Studentenkamers","","","",""
"PM104","Verhuurdersvergunningsstelsel","","","",""
"PM105","Huurbevriezing","","","",""
"PM106","Gedogen kraken","","","",""
"PM107","Eed voor kamerleden","","","",""
"PM108","Sportsupplementen bij jongeren","","","",""
"PM109","Aanmeldbeleid basisscholen","","","",""
"PM110","Nord Stream 2","","","",""
"PM111","Samenwerking met JA21","","","",""
"PM112","Coronaverlenging studiefinanciering (Actuele PM)","","","",""
"PM113","Vaccinatielogistiek (Actuele PM)","","","",""
"PM114","Uitstrijkjes","","","",""
"PM115","Cashloos OV","","","",""
"PM116","Urenvergoeding bestuursfuncties","","","",""
"PM117","stagevergoeding","","","",""
"PM118","end-to-end encryptie","","","",""
"PM119","Eigen risico GGZ","","","",""
"PM120","Flitskredieten","","","",""
"PM121","Anonieme onderzoeksvoorstellen","","","",""
"PM122","Democratisering veiligheidsregio’s","","","",""
"PM123","Subsidieregeling tolken","","","",""
"PM124","Psychische hulp vluchtelingen","","","",""
"PM125","Zwangerschapsverlof HBO-  en WO-studenten","","","",""
"PM126","Brede brugklas","","","",""
"PM127","Selectiemoment scholen","","","",""
"PM128","Bindend studie-advies mbo","","","",""
"PM129","Handelsverdrag EU-Mercosur","","","",""
"PM130","Briefadres daklozen","","","",""
"PM131","Categoraal onderwijs","","","",""
"PM132","Herziening WIV","","","",""
"PM133","Zorgteam voortgezet onderwijs","","","",""
"PM134","Dierenethiek; dieren in gevangenschap","","","",""
"PM135","Dierenethiek bioindustrie","","","",""
"PM136","Dierenethiek jagen","","","",""
"PM137","transparantieplicht politieke reclame","","","",""
"PM138","plagenbestrijding","","","",""
"PM139","menstruatieproducten in basispakket","","","",""
"PM140","Gratis aangeboden menstruatieproducten","","","",""
"PM141","Vakken op elk onderwijsniveau","","","",""
"PM142","Tandarts in basispakket","","","",""
"PM143","webcamplicht online onderwijs","","","",""
"PM144","Minimumjeugdloon","","","",""
"PM145","indirecte vaccinatieplicht corona","","","",""
"PM146","Samenwerking Progressieve partijen","","","",""
"PM147","Transformatie kantoorpanden in woningen","","","",""
"PM148","Ministerie van Wonen","","","",""
"PM149","Schoolfruit","","","",""
"PM150","Geen effect studieschuld op hypotheek","","","",""
"PM151","Proctoring","","","",""
"PM152","Seks tegen de wil","","","",""
"PM153","Etnische indicatoren in overheidsinstrumenten","","","",""
"PM154","Ramingen studentenaantallen","","","",""
"PM155","Sport en Cultuurfonds","","","",""
"PM156","Missie in de straat van Hormuz","","","",""
"PM157","Ontkoppelen minimumloon en sociale uitkeringen","","","",""
"PM158","Dakloosheid onder jongeren door kostendelersnorm","","","",""
"PM159","Zomerscholen","","","",""
"PM160","Aanpakken misstanden varkensslachterij","","","",""
"PM161","EU samenwerking beschermingsmiddelen infectiepreventie","","","",""
"PM162","Digitale leermiddelen","","","",""
"PM163","Financiële compensatie studenten coronacrisis","","","",""
"PM164","B1-niveau communicatie coronacrisis","","","",""
"PM165","30-urige werkweek","","","",""
"PM166","Afhandeling gratieverzoeken","","","",""
"PM167","Bijenpopulatie","","","",""
"PM168","Bonusverbod ongezonde producten II","","","",""
"PM169","Bonusverbod ongezonde producten I","","","",""
"PM170","Burgerbegroting","","","",""
"PM171","Camera’s op de openbare weg","","","",""
"PM172","Compensatie milieuschade drugsgebruik","","","",""
"PM173","Driejarige brugklas","","","",""
"PM174","Duurzame pakketbezorging","","","",""
"PM175","Filters bij openhaarden en houtkachels II","","","",""
"PM176","Filters bij openhaarden en houtkachels I","","","",""
"PM177","Financiële compensatie Indonesië","","","",""
"PM178","Formule 1 Zandvoort","","","",""
"PM179","Formule 1 Zandvoor stikstof en geluid","","","",""
"PM180","Gymles middelbaar onderwijs","","","",""
"PM181","Inkomenseis vrije huur","","","",""
"PM182","Kieskringen","","","",""
"PM183","Kindvloggers","","","",""
"PM184","aanvullende test bij rijbewijs","","","",""
"PM185","Materialenpaspoort","","","",""
"PM186","Miljonairstaks","","","",""
"PM187","Nationale Studenten Enquête","","","",""
"PM188","Nationaliseren stichting NEN","","","",""
"PM189","Openbare toiletvoorzieningen vrouwen","","","",""
"PM190","OV-fiets in studenten-OV","","","",""
"PM191","Ouderlijk gezag draagmoederschap","","","",""
"PM192","handel persoonsgegevens","","","",""
"PM193","Recreatief drugsgebruik topsporters","","","",""
"PM194","Ritueel slachten","","","",""
"PM195","Sancties China","","","",""
"PM196","Schadevergoding bombardement Irak","","","",""
"PM197","Schoollunch","","","",""
"PM198","Uitvoering Rapport van Rijn","","","",""
"PM199","Verbod papieren wegwerptassen","","","",""
"PM200","Wachtgeld","","","",""
"PM201","Wajong","","","",""
"PM202","Woontoeslag","","","",""
"PM203","Ambtelijke ondersteuning Tweede Kamer II","","","",""
"PM204","Ambtelijke ondersteuning Tweede Kamer I","","","",""
"PM205","Burgerlijke staat","","","",""
"PM206","Buurtsportcoaches","","","",""
"PM207","CO2-heffing","","","",""
"PM208","Depositogarantiestelling","","","",""
"PM209","Digitale infrastructuur","","","",""
"PM210","Gastlessen","","","",""
"PM211","Goederentransport per trein","","","",""
"PM212","Inspraak jongeren","","","",""
"PM213","Internetbellen overheid","","","",""
"PM214","Irandeal","","","",""
"PM215","Klassengrootte","","","",""
"PM216","Kledingverspilling","","","",""
"PM217","Klimaatkosten","","","",""
"PM218","Inkomstenbelasting koningshuis","","","",""
"PM219","Lelylijn","","","",""
"PM220","Lijstduwers","","","",""
"PM221","Medicijnresten in water","","","",""
"PM222","Naamgeving zuivel- en vleesvervangers","","","",""
"PM223","Omscholing docenten","","","",""
"PM224","Onkostenvergoeding Europarlementariërs","","","",""
"PM225","Participatieverklaring","","","",""
"PM226","Pedofilie","","","",""
"PM227","Dierproeven","","","",""
"PM228","Rijksvaccinatieprogramma II","","","",""
"PM229","Roken bij ziekenhuizen","","","",""
"PM230","Salarisstructuur artsen","","","",""
"PM231","Staatbosbeheer","","","",""
"PM232","Stalbranden","","","",""
"PM233","Stemmingen in het Europees Parlement","","","",""
"PM234","Studentenreisproduct","","","",""
"PM235","Terugzendrecht eerste kamer","","","",""
"PM236","Virtuele kinderporno","","","",""
"PM237","Vrijheid van vereniging","","","",""
"PM238","Zwemles","","","",""
"PM239","Allergieën II","","","",""
"PM240","Allergieën I","","","",""
"PM241","Amazonegebied","","","",""
"PM242","Benoemingstermijn rechters","","","",""
"PM243","CO2-opslag","","","",""
"PM244","Doelmatigheidskorting","","","",""
"PM245","Eenzaamheid onder jongeren","","","",""
"PM246","EU-begroting II","","","",""
"PM247","EU-lidmaatschap","","","",""
"PM248","Hergebruik medicijnen","","","",""
"PM249","Hersteloperaties genitale verminking","","","",""
"PM250","Investeringen onderwijs","","","",""
"PM251","Klimaatakkoord","","","",""
"PM252","Koerden","","","",""
"PM253","Kweekvlees","","","",""
"PM254","Lage-inkomensvoordeel","","","",""
"PM255","Nashville-verklaring","","","",""
"PM256","Reclamedrukwerk","","","",""
"PM257","Roken","","","",""
"PM258","Straffen voor rijden onder invloed","","","",""
"PM259","Studenten met arbeidsbeperking","","","",""
"PM260","Toeslag nachtwerk","","","",""
"PM261","Uploadfilters","","","",""
"PM262","Verhuurdersheffing","","","",""
"PM263","Vermogensafhankelijke boetes","","","",""
"PM264","Voorwaardelijke invrijheidstelling","","","",""
"PM265","Woningbouw","","","",""
"PM266","Rijksvaccinatieprogramma","","","",""
"PM267","Cryptocurrency II","","","",""
"PM268","Cryptocurrency I","","","",""
"PM269","Dividendbelasting","","","",""
"PM270","EU-begroting","","","",""
"PM271","Huurtoeslag","","","",""
"PM272","Inkomensafhankelijke heffingskortingen","","","",""
"PM273","Sancties Rusland","","","",""
"PM274","Sekszorg","","","",""
"PM275","Sociaal minimum BES-eilanden","","","",""
"PM276","Suikertaks","","","",""
"PM277","Vluchtelingen Caribisch gebied","","","",""
"PM278","Wietexperimenten","","","",""
"PM279","Aardgas Groningen","","","",""
"PM280","Asielzoekers in het onderwijs","","","",""
"PM281","Biobrandstof","","","",""
"PM282","Bonussen","","","",""
"PM283","Brexit","","","",""
"PM284","Btw groente en fruit","","","",""
"PM285","Conciërges","","","",""
"PM286","Dieren in gevangenschap","","","",""
"PM287","Dividendbelasting","","","",""
"PM288","Docenten hoger onderwijs","","","",""
"PM289","Doorstroom van verpleeghuizen","","","",""
"PM290","Duurzame landbouw","","","",""
"PM291","Fake news","","","",""
"PM292","Holland Casino","","","",""
"PM293","Kansspelen","","","",""
"PM294","Klimaatbeleid Rutte III","","","",""
"PM295","Landbouwfraude","","","",""
"PM296","Lelystad airport II","","","",""
"PM297","Lelystad Airport I","","","",""
"PM298","Lerarenregister","","","",""
"PM299","Loonkostensubsidie","","","",""
"PM300","Maatschappelijke diensttijd","","","",""
"PM301","MBO’ers","","","",""
"PM302","Nudging","","","",""
"PM303","Onderwijsinspectie","","","",""
"PM304","Pan-Europees Pensioenproduct","","","",""
"PM305","PREP","","","",""
"PM306","Religieuze uitingen politie-agenten","","","",""
"PM307","Resistentie antibiotica","","","",""
"PM308","Rjkscollecties","","","",""
"PM309","Roken","","","",""
"PM310","Ruimterecht","","","",""
"PM311","Schoolbezoeken Tweede Kamer","","","",""
"PM312","Staatsloterij","","","",""
"PM313","Straatintimidatie","","","",""
"PM314","Kamerstop","","","",""
"PM315","Transparantie stemgedrag","","","",""
"PM316","Vliegtaks","","","",""
"PM317","Waarschuwingslabels ongezonde producten","","","",""
"PM318","Wajong-uitkering","","","",""
"PM319","Westelijke Sahara III","","","",""
"PM320","Westelijke Sahara II","","","",""
"PM321","Westelijke Sahara","","","",""
"PM322","Zwarte Piet","","","",""
"PM323","Aantal Europarlementariërs","","","",""
"PM324","Bijzonder onderwijs","","","",""
"PM325","Burnout","","","",""
"PM326","Collegegeld tweede master","","","",""
"PM327","Combinatieklassen","","","",""
"PM328","DNA-databank","","","",""
"PM329","Fietssnelwegen","","","",""
"PM330","Filedruk","","","",""
"PM331","Genderneutraliteit","","","",""
"PM332","Huurcommissie","","","",""
"PM333","Inburgeringscursussen","","","",""
"PM334","Internationaal OV","","","",""
"PM335","Internetverbindingen","","","",""
"PM336","Kledingproductie","","","",""
"PM337","Mijnwater","","","",""
"PM338","Openbaar vervoer dunbevolkte regio’s","","","",""
"PM339","Partneralimentatie","","","",""
"PM340","Regeerakkoorden","","","",""
"PM341","Sekseregistratie","","","",""
"PM342","Stemgerechtigde leeftijd","","","",""
"PM343","Studeren per vak","","","",""
"PM344","Vermelding stoffen in producten","","","",""
"PM345","WA-verzekering auto","","","",""
"PM346","Wet deregulering arbeidsrelaties","","","",""
"PM347","Zomertijd","","","",""
"PM348","Achternamen","","","",""
"PM349","Dieseltreinen","","","",""
"PM350","DNA-paspoort","","","",""
"PM351","Cocabladeren","","","",""
"PM352","Drugsafval","","","",""
"PM353","Duurzame energie-opwekking","","","",""
"PM354","Onderzoek eigen risico","","","",""
"PM355","Elektrische auto’s II","","","",""
"PM356","Elektrische auto’s I","","","",""
"PM357","Energiereuzen","","","",""
"PM358","EU-lidmaatschap Turkije","","","",""
"PM359","Handelsverdragen: klimaatdoelstellingen","","","",""
"PM360","Huisartsenzorg","","","",""
"PM361","Kerncentrales","","","",""
"PM362","Kinderpardon","","","",""
"PM363","Lijkbezorging","","","",""
"PM364","Loondoorbetaling bij ziekte","","","",""
"PM365","Meerouderschap","","","",""
"PM366","Negatieve emissies","","","",""
"PM367","Onbetaalde stages","","","",""
"PM368","Opvang asielzoekerscentra","","","",""
"PM369","PR-beleid EU","","","",""
"PM370","Psychiatrische noodhulp","","","",""
"PM371","Publieke investeringen","","","",""
"PM372","Streamen raadsvergaderingen","","","",""
"PM373","Subsidies fossiele brandstoffen","","","",""
"PM374","Vergoeding Prinses Amalia","","","",""
"PM375","Verkoopverbod auto’s met conventionele verbrandingsmotoren","","","",""
"PM376","Vrijheid van Meningsuiting II","","","",""
"PM377","Waarscuwingslabels frisdrank","","","",""
"PM378","Wederverkopers internetdiensten","","","",""
"PM379","Duurzame beleggingen pensioensfondsen","","","",""
"PM380","CO2-heffing","","","",""
"PM381","Flexcontracten","","","",""
"PM382","GMO’s","","","",""
"PM383","Minimuminkomen","","","",""
"PM384","Sancties Israël II","","","",""
"PM385","Vleestaks","","","",""
"PM386","Vrijheid van meningsuiting I","","","",""
"PM387","Seksespecifieke behandeling gezondheidszorg","","","",""
"PM388","Anoniem solliciteren","","","",""
"PM389","Asielzoekers","","","",""
"PM390","Echtscheiding","","","",""
"PM391","Euregio’s","","","",""
"PM392","Geneesmiddelenpatenten","","","",""
"PM393","Huurwoningen","","","",""
"PM394","Verengelsing hoger onderwijs","","","",""
"PM395","Jongensbesnijdenis","","","",""
"PM396","Kosten geneesmiddelen II","","","",""
"PM397","Kosten geneesmiddelen I","","","",""
"PM398","Meerouderschap","","","",""
"PM399","MH17","","","",""
"PM400","Negatieve inkomstenbelasting","","","",""
"PM401","Oppositie in Rusland","","","",""
"PM402","Rekentoets","","","",""
"PM403","Sancties Israël","","","",""
"PM404","Seksuele meerderjarigheid","","","",""
"PM405","Seksuele voorlichting","","","",""
"PM406","Verblijf op terroristisch  gebied","","","",""
"PM407","Verhuurdersheffing","","","",""
"PM408","Voedselverspilling","","","",""
"PM409","Voorkeursdrempel","","","",""
"PM410","Anticonceptie","","","",""
"PM411","Belasting op royalties en rente","","","",""
"PM412","Bevrijdingsdag","","","",""
"PM413","Big data in de zorg","","","",""
"PM414","Energiedrank II","","","",""
"PM415","Energiedrank I","","","",""
"PM416","Financiën koningshuis","","","",""
"PM417","Hongarije","","","",""
"PM418","Innovatiebox","","","",""
"PM419","Kernrampen","","","",""
"PM420","Majesteitschennis","","","",""
"PM421","Nierhandel","","","",""
"PM422","Onderzeeërs II","","","",""
"PM423","Onderzeeërs I","","","",""
"PM424","Palestina: erkenning","","","",""
"PM425","ProRail","","","",""
"PM426","Toegankelijkheid stations","","","",""
"PM427","TTIP II","","","",""
"PM428","TTIP I","","","",""
"PM429","Aansprakelijkheidskwesties VN-missies","","","",""
"PM430","Aanstelling burgemeesters","","","",""
"PM431","Negatieve inkomstenbelasting","","","",""
"PM432","Basisinkomen","","","",""
"PM433","Commercieel draagmoederschap","","","",""
"PM434","Etnisch profileren","","","",""
"PM435","Importverbod illegaal gekapt houd","","","",""
"PM436","Jeugd-GGZ","","","",""
"PM437","Experimenteren lekenrechtspraak","","","",""
"PM438","Letterenonderwijs","","","",""
"PM439","Mantelzorg","","","",""
"PM440","Transitie transgenders","","","",""
"PM441","1F vluchtelingenverdrag","","","",""
"PM442","Vrije artsenkeuze","","","",""
"PM443","Vuurwerkverbod","","","",""
"PM444","Zorg asielzoekers","","","",""
"PM445","Belediging","","","",""
"PM446","Israël-Palestina producten","","","",""
"PM447","Israël-Palestina","","","",""
"PM448","Palestina: watervoorziening","","","",""
"PM449","Nazorg ex-sekswerkers","","","",""
"PM450","Ouderschapsverlof","","","",""
"PM451","Prostitutie","","","",""
"PM452","Stageplekken mbo","","","",""
"PM453","Anonimiteit belastingrechtspraak","","","",""
"PM454","Auteursrecht","","","",""
"PM455","Betaald voetbal","","","",""
"PM456","Bij de gratie gods","","","",""
"PM457","Co-financiering onderzoek","","","",""
"PM458","Delen van persoonsgegevens","","","",""
"PM459","Euthanasie bij kinderen","","","",""
"PM460","Fossiele energie","","","",""
"PM461","Groen in de stad","","","",""
"PM462","Hoger Beroep","","","",""
"PM463","Internetcensuur","","","",""
"PM464","Laadpalen II","","","",""
"PM465","Laadpalen I","","","",""
"PM466","Leerplichtwet","","","",""
"PM467","Massasurveillance","","","",""
"PM468","Rechtsbijstand asielzoekers","","","",""
"PM469","Religie-onderwijs","","","",""
"PM470","Troonrede","","","",""
"PM471","Vreemdelingendetentie II","","","",""
"PM472","Vreemdelingendetentie I","","","",""
"PM473","Afhandeling gratieverzoeken","","","",""
"PM474","Bonusverbod ongezonde producten","","","",""
